region_id,region_nombre,comuna_id,comuna_nombre,total_votos_1era,votos_boric,votos_kast,votos_artes,votos_parisi,votos_meo,votos_sichel,votos_provoste,opcion,n_votos_pleb,total_votos_pleb,voto_apruebo,voto_rechazo,participacion,dif_1era_pleb
3005,DE VALPARAISO,2564,ALGARROBO,8217,1978,2877,90,568,472,1352,817,APRUEBO,4932,7086,4932,,.54947269,1131
3013,METROPOLITANA DE SANTIAGO,2801,ALHUE,2517,636,467,31,357,151,320,520,APRUEBO,2323,2640,2323,,.43520987,-123
3008,DEL BIOBIO,2674,ALTO BIOBIO,1997,377,502,40,255,119,155,399,APRUEBO,1269,1805,1269,,.3286522,192
3003,DE ATACAMA,2523,ALTO DEL CARMEN,1966,260,265,11,365,56,87,891,APRUEBO,1559,1817,1559,,.37220284,149
3001,DE TARAPACA,2502,ALTO HOSPICIO,24579,3183,5860,263,9884,1712,1212,2212,APRUEBO,21589,26258,21589,,.45195872,-1679
3010,DE LOS LAGOS,2717,ANCUD,15766,3793,4372,230,2120,938,1826,2350,APRUEBO,11694,14360,11694,,.36882463,1406
3004,DE COQUIMBO,2528,ANDACOLLO,4699,1181,661,64,1172,408,307,797,APRUEBO,5450,6071,5450,,.54032618,-1372
3009,DE LA ARAUCANIA,2696,ANGOL,21268,2805,9972,153,3070,940,2014,2197,APRUEBO,12017,19520,12017,,.41154131,1748
3012,DE MAGALLANES Y DE LA ANTARTICA CHILENA,2752,ANTARTICA,47,4,34,0,4,2,2,1,APRUEBO,10,31,10,,.11524164,16
3002,DE ANTOFAGASTA,2508,ANTOFAGASTA,123307,28156,27264,1635,36236,8870,9976,10143,APRUEBO,119986,144079,119986,,.50566655,-20772
3008,DEL BIOBIO,2662,ANTUCO,1881,245,547,17,400,91,210,332,APRUEBO,1341,1793,1341,,.39337429,88
3008,DEL BIOBIO,2655,ARAUCO,14603,2203,4983,123,3366,862,1138,1687,APRUEBO,10377,14467,10377,,.46861628,136
3015,DE ARICA Y PARINACOTA,2822,ARICA,81947,14763,24070,952,23034,4536,6020,7921,APRUEBO,64022,84326,64022,,.46673876,-2379
3011,DE AYSEN DEL GENERAL CARLOS IBAÑEZ DEL CAMPO,2739,AYSEN,8981,2188,2314,126,1664,551,716,1402,APRUEBO,7223,8984,7223,,.39999107,-3
3013,METROPOLITANA DE SANTIAGO,2797,BUIN,39907,10500,11636,513,5237,3199,4609,3809,APRUEBO,33238,40587,33238,,.54755068,-680
3016,DE ÑUBLE,2827,BULNES,8709,1265,3045,79,965,458,1273,1455,APRUEBO,5574,7803,5574,,.38030022,906
3005,DE VALPARAISO,2554,CABILDO,7885,2322,1427,101,1308,680,663,1258,APRUEBO,7948,9099,7948,,.50313246,-1214
3012,DE MAGALLANES Y DE LA ANTARTICA CHILENA,2751,CABO DE HORNOS(EX-NAVARINO),878,189,421,10,82,28,63,74,APRUEBO,375,645,375,,.33663884,233
3008,DEL BIOBIO,2663,CABRERO,10955,1309,3698,88,2771,677,942,1279,APRUEBO,6858,10044,6858,,.40243119,911
3002,DE ANTOFAGASTA,2512,CALAMA,57445,8984,11642,606,23532,3949,3589,4912,APRUEBO,52057,62783,52057,,.47329119,-5338
3010,DE LOS LAGOS,2708,CALBUCO,11055,2162,3387,154,2188,710,1106,1432,APRUEBO,8728,11282,8728,,.35264114,-227
3003,DE ATACAMA,2518,CALDERA,7291,1516,1263,140,1741,458,440,1680,APRUEBO,6812,7985,6812,,.54477203,-694
3005,DE VALPARAISO,2559,CALERA,21665,5607,4012,276,4967,2443,2066,2027,APRUEBO,20625,24125,20625,,.53192103,-2460
3013,METROPOLITANA DE SANTIAGO,2798,CALERA DE TANGO,10604,2586,3596,115,754,693,1693,1067,APRUEBO,9352,12750,9352,,.57635355,-2146
3005,DE VALPARAISO,2550,CALLE LARGA,6439,1304,1365,91,1243,620,736,942,APRUEBO,5607,6609,5607,,.58641809,-170
3015,DE ARICA Y PARINACOTA,2823,CAMARONES,1019,111,252,6,375,53,57,195,APRUEBO,756,919,756,,.264189,100
3001,DE TARAPACA,2504,CAMIÑA,883,60,384,3,328,16,31,47,APRUEBO,293,513,293,,.19850922,370
3004,DE COQUIMBO,2533,CANELA,3904,1161,663,46,679,134,294,851,APRUEBO,3320,3781,3320,,.42275327,123
3009,DE LA ARAUCANIA,2676,CARAHUE,9554,1226,3976,113,944,497,956,1748,APRUEBO,4978,7262,4978,,.29450023,2292
3005,DE VALPARAISO,2565,CARTAGENA,8833,2188,2321,158,877,1040,971,1173,APRUEBO,7346,9075,7346,,.51199144,-242
3005,DE VALPARAISO,2542,CASABLANCA,10970,2850,3330,151,1081,768,1386,1254,APRUEBO,9148,11508,9148,,.51958084,-538
3010,DE LOS LAGOS,2716,CASTRO,17755,4868,4442,320,2733,954,1868,2414,APRUEBO,13750,16660,13750,,.40217575,1095
3005,DE VALPARAISO,2570,CATEMU,5237,1220,990,47,1142,483,591,663,APRUEBO,5199,5965,5199,,.49406096,-728
3007,DEL MAULE,2622,CAUQUENES,15939,1999,7099,113,1311,762,2374,1967,APRUEBO,8227,13060,8227,,.34713951,2879
3008,DEL BIOBIO,2656,CAÑETE,12643,1742,6296,157,1361,571,894,1457,APRUEBO,7038,10523,7038,,.35858637,2120
3013,METROPOLITANA DE SANTIAGO,2759,CERRILLOS,30789,9613,7195,597,2993,3530,3802,2983,APRUEBO,31192,37318,31192,,.54770434,-6529
3013,METROPOLITANA DE SANTIAGO,2760,CERRO NAVIA,48623,15350,8802,1471,5398,7016,4615,5813,APRUEBO,55886,64083,55886,,.54551929,-15460
3010,DE LOS LAGOS,2733,CHAITEN,1550,291,555,11,126,69,149,304,APRUEBO,964,1363,964,,.26910168,187
3007,DEL MAULE,2623,CHANCO,3654,462,1719,16,235,140,391,583,APRUEBO,1765,2899,1765,,.3132973,755
3003,DE ATACAMA,2520,CHAÑARAL,4934,1053,702,51,1249,263,278,1273,APRUEBO,5185,5760,5185,,.48027357,-826
3006,DEL LIBERTADOR GENERAL BERNARDO O'HIGGINS,2603,CHEPICA,5194,925,1559,34,586,338,853,841,APRUEBO,3774,4915,3774,,.36128891,279
3008,DEL BIOBIO,2644,CHIGUAYANTE,34488,8106,9097,491,5924,2774,4085,3892,APRUEBO,29875,38312,29875,,.57254976,-3824
3011,DE AYSEN DEL GENERAL CARLOS IBAÑEZ DEL CAMPO,2745,CHILE CHICO,1811,601,488,26,184,86,173,332,APRUEBO,1397,1685,1397,,.26334742,126
3016,DE ÑUBLE,2826,CHILLAN,71750,14744,24291,703,9348,3914,9420,9010,APRUEBO,54338,75892,54338,,.49565643,-4142
3016,DE ÑUBLE,2828,CHILLAN VIEJO,11239,1894,3694,101,1728,822,1308,1546,APRUEBO,8077,11274,8077,,.52105772,-35
3006,DEL LIBERTADOR GENERAL BERNARDO O'HIGGINS,2604,CHIMBARONGO,13352,2540,3465,122,2337,980,1797,1980,APRUEBO,11218,13802,11218,,.4557167,-450
3009,DE LA ARAUCANIA,2695,CHOLCHOL,5386,789,1820,86,822,355,549,780,APRUEBO,2951,4218,2951,,.40581664,1168
3010,DE LOS LAGOS,2718,CHONCHI,5346,1209,1194,96,1001,280,498,975,APRUEBO,3081,3638,3081,,.27916667,1708
3011,DE AYSEN DEL GENERAL CARLOS IBAÑEZ DEL CAMPO,2740,CISNES,2115,409,764,23,264,118,210,283,APRUEBO,1206,1740,1206,,.3875865,375
3016,DE ÑUBLE,2836,COBQUECURA,2608,460,805,23,266,124,414,450,APRUEBO,1595,2075,1595,,.36735779,533
3010,DE LOS LAGOS,2709,COCHAMO,1589,284,646,19,148,69,197,181,APRUEBO,754,1159,754,,.23487386,430
3011,DE AYSEN DEL GENERAL CARLOS IBAÑEZ DEL CAMPO,2742,COCHRANE,1440,357,428,12,101,49,176,264,APRUEBO,892,1181,892,,.35148808,259
3006,DEL LIBERTADOR GENERAL BERNARDO O'HIGGINS,2580,CODEGUA,5409,1327,1175,58,1008,522,578,642,APRUEBO,5034,5932,5034,,.52509516,-523
3016,DE ÑUBLE,2837,COELEMU,7735,1077,2711,50,1142,405,784,1417,APRUEBO,4538,6790,4538,,.44410935,945
3016,DE ÑUBLE,2843,COIHUECO,9631,1024,4445,87,997,464,1220,1420,APRUEBO,4420,7229,4420,,.3306928,2402
3006,DEL LIBERTADOR GENERAL BERNARDO O'HIGGINS,2581,COINCO,3331,769,946,24,422,291,475,344,APRUEBO,2616,3346,2616,,.47710741,-15
3007,DEL MAULE,2635,COLBUN,7405,1512,2140,76,1132,674,834,1198,APRUEBO,5375,6924,5375,,.3860696,481
3001,DE TARAPACA,2505,COLCHANE,915,17,419,4,433,5,10,18,APRUEBO,131,524,131,,.17429048,391
3013,METROPOLITANA DE SANTIAGO,2793,COLINA,47073,7968,18091,385,3995,3011,9621,3522,APRUEBO,32524,49452,32524,,.5593667,-2379
3009,DE LA ARAUCANIA,2697,COLLIPULLI,9624,1119,4949,89,1170,486,676,923,APRUEBO,5159,8340,5159,,.3784214,1284
3006,DEL LIBERTADOR GENERAL BERNARDO O'HIGGINS,2582,COLTAUCO,7217,1526,1880,74,1139,582,943,974,APRUEBO,6155,7545,6155,,.47355846,-328
3004,DE COQUIMBO,2537,COMBARBALA,5081,1212,885,67,946,211,377,1270,APRUEBO,4428,5064,4428,,.3988764,17
3008,DEL BIOBIO,2642,CONCEPCION,98903,24338,30048,1428,12689,5752,12723,11041,APRUEBO,77106,104579,77106,,.51952434,-5676
3013,METROPOLITANA DE SANTIAGO,2761,CONCHALI,53658,17619,10987,1146,4786,6538,6007,5973,APRUEBO,56395,65706,56395,,.54430622,-12048
3005,DE VALPARAISO,2543,CONCON,25004,5100,9357,222,2128,1251,4702,2029,APRUEBO,15705,24384,15705,,.63783348,620
3007,DEL MAULE,2613,CONSTITUCION,17607,2927,4479,188,3860,1188,2062,2754,APRUEBO,14300,18307,14300,,.45839491,-700
3008,DEL BIOBIO,2657,CONTULMO,2755,330,1557,26,215,139,138,306,APRUEBO,1149,2094,1149,,.34705395,661
3003,DE ATACAMA,2517,COPIAPO,56439,11766,11839,786,13573,3225,4341,10373,APRUEBO,51149,61103,51149,,.49483976,-4664
3004,DE COQUIMBO,2527,COQUIMBO,72581,18946,15849,1052,14960,5792,7474,7919,APRUEBO,69539,82530,69539,,.49619746,-9949
3008,DEL BIOBIO,2643,CORONEL,40853,8251,11597,496,10237,3193,2766,4777,APRUEBO,33464,44286,33464,,.49729171,-3433
3014,DE LOS RIOS,2811,CORRAL,2310,578,556,22,310,134,148,519,APRUEBO,1991,2379,1991,,.43720162,-69
3011,DE AYSEN DEL GENERAL CARLOS IBAÑEZ DEL CAMPO,2737,COYHAIQUE,22852,5787,6756,284,2692,1090,2350,3845,APRUEBO,17165,22512,17165,,.41692621,340
3009,DE LA ARAUCANIA,2677,CUNCO,7986,1091,3389,57,961,412,779,1167,APRUEBO,4090,6082,4090,,.3059161,1904
3009,DE LA ARAUCANIA,2698,CURACAUTIN,7812,996,4160,59,657,353,603,840,APRUEBO,3491,5922,3491,,.28205982,1890
3013,METROPOLITANA DE SANTIAGO,2802,CURACAVI,13601,3875,3664,168,1238,1002,1831,1661,APRUEBO,11713,14789,11713,,.56909502,-1188
3010,DE LOS LAGOS,2719,CURACO DE VELEZ,1266,255,301,10,206,57,114,291,APRUEBO,1091,1315,1091,,.35245019,-49
3008,DEL BIOBIO,2658,CURANILAHUE,12543,2127,3898,157,2550,789,801,1962,APRUEBO,9807,13158,9807,,.42869264,-615
3009,DE LA ARAUCANIA,2678,CURARREHUE,2942,548,1231,51,270,124,341,333,APRUEBO,1740,2655,1740,,.31939438,287
3007,DEL MAULE,2614,CUREPTO,4129,887,1062,35,385,191,630,842,APRUEBO,2793,3560,2793,,.34190559,569
3007,DEL MAULE,2625,CURICO,58474,12532,17171,651,7880,4627,7992,6936,APRUEBO,48391,63015,48391,,.53702581,-4541
3010,DE LOS LAGOS,2720,DALCAHUE,4022,919,1086,67,796,259,488,709,APRUEBO,3344,4012,3344,,.32549465,10
3003,DE ATACAMA,2521,DIEGO DE ALMAGRO,4694,1085,561,73,1486,244,192,987,APRUEBO,4886,5410,4886,,.40185803,-716
3006,DEL LIBERTADOR GENERAL BERNARDO O'HIGGINS,2583,DOÑIHUE,8829,2293,1975,93,1477,760,1085,1009,APRUEBO,7987,9423,7987,,.52170545,-594
3013,METROPOLITANA DE SANTIAGO,2762,EL BOSQUE,61230,18771,13458,1207,6210,7744,6539,7127,APRUEBO,64391,75831,64391,,.54484141,-14601
3016,DE ÑUBLE,2829,EL CARMEN,5168,567,2331,25,395,209,649,926,APRUEBO,2390,3774,2390,,.30617705,1394
3013,METROPOLITANA DE SANTIAGO,2806,EL MONTE,13565,3596,3130,204,1890,1289,1458,1764,APRUEBO,12605,15075,12605,,.54683053,-1510
3005,DE VALPARAISO,2566,EL QUISCO,7824,2406,2027,123,889,663,1022,815,APRUEBO,5767,7241,5767,,.5600124,583
3005,DE VALPARAISO,2567,EL TABO,7145,2224,1791,141,535,759,799,840,APRUEBO,4675,5842,4675,,.56650817,1303
3007,DEL MAULE,2615,EMPEDRADO,1842,183,855,6,300,94,192,235,APRUEBO,821,1513,821,,.34725729,329
3009,DE LA ARAUCANIA,2699,ERCILLA,2972,485,1490,50,179,182,211,322,APRUEBO,1521,2593,1521,,.32141972,379
3013,METROPOLITANA DE SANTIAGO,2763,ESTACION CENTRAL,52702,18230,12049,1163,3632,5491,6345,5736,APRUEBO,52728,62940,52728,,.49003628,-10238
3008,DEL BIOBIO,2645,FLORIDA,4739,623,1562,55,675,317,606,804,APRUEBO,2612,3757,2612,,.36566365,982
3009,DE LA ARAUCANIA,2679,FREIRE,9715,1381,3630,126,950,571,911,1630,APRUEBO,5198,7670,5198,,.3319566,2045
3003,DE ATACAMA,2524,FREIRINA,2664,425,305,22,512,69,135,1168,APRUEBO,2465,2701,2465,,.45787421,-37
3010,DE LOS LAGOS,2710,FRESIA,5299,838,2052,44,491,211,458,1178,APRUEBO,3166,4683,3166,,.38604307,616
3010,DE LOS LAGOS,2711,FRUTILLAR,8483,1351,3260,60,1208,375,786,1329,APRUEBO,5185,7908,5185,,.48168051,575
3010,DE LOS LAGOS,2734,FUTALEUFU,1077,208,435,15,60,34,150,155,APRUEBO,630,965,630,,.25434896,112
3014,DE LOS RIOS,2819,FUTRONO,6628,1008,2803,74,806,244,692,902,APRUEBO,3484,5732,3484,,.39649561,896
3009,DE LA ARAUCANIA,2680,GALVARINO,5229,880,1802,73,473,376,364,1134,APRUEBO,2472,3537,2472,,.29479912,1692
3015,DE ARICA Y PARINACOTA,2825,GENERAL LAGOS,513,24,140,5,239,26,26,39,APRUEBO,220,313,220,,.1450417,200
3009,DE LA ARAUCANIA,2681,GORBEA,6494,794,3155,40,639,228,805,841,APRUEBO,3290,5419,3290,,.35004523,1075
3006,DEL LIBERTADOR GENERAL BERNARDO O'HIGGINS,2584,GRANEROS,13577,3724,2891,153,2238,1348,1479,1517,APRUEBO,12968,15292,12968,,.57432181,-1715
3011,DE AYSEN DEL GENERAL CARLOS IBAÑEZ DEL CAMPO,2741,GUAITECAS,499,129,150,4,68,18,43,80,APRUEBO,488,607,488,,.38080302,-108
3005,DE VALPARAISO,2560,HIJUELAS,7424,1454,1725,59,1894,644,778,762,APRUEBO,6338,7648,6338,,.49591494,-224
3010,DE LOS LAGOS,2735,HUALAIHUE,3728,628,1041,48,678,223,389,600,APRUEBO,2325,2871,2325,,.3415128,857
3007,DEL MAULE,2626,HUALAÑE,4216,817,992,40,366,259,660,1017,APRUEBO,3300,4118,3300,,.42985386,98
3008,DEL BIOBIO,2653,HUALPEN,39600,8184,9919,523,8828,3421,3711,4598,APRUEBO,34255,43524,34255,,.56136972,-3924
3008,DEL BIOBIO,2646,HUALQUI,8534,1433,2304,103,1802,847,823,1063,APRUEBO,7378,9427,7378,,.46855095,-893
3001,DE TARAPACA,2506,HUARA,1725,207,479,12,667,78,88,157,APRUEBO,1136,1529,1136,,.16867603,196
3003,DE ATACAMA,2525,HUASCO,3913,641,538,58,930,193,196,1309,APRUEBO,3808,4236,3808,,.50816721,-323
3013,METROPOLITANA DE SANTIAGO,2764,HUECHURABA,40261,11004,9452,771,3205,4067,6760,4524,APRUEBO,37173,45959,37173,,.62433338,-5698
3004,DE COQUIMBO,2532,ILLAPEL,11959,3146,1953,150,2738,745,1061,2104,APRUEBO,11166,12633,11166,,.39281321,-674
3013,METROPOLITANA DE SANTIAGO,2765,INDEPENDENCIA,33718,11569,8327,749,2072,2806,4646,3408,APRUEBO,31299,38471,31299,,.46998161,-4753
3001,DE TARAPACA,2501,IQUIQUE,74030,15562,24113,982,15755,4687,6581,6037,APRUEBO,61103,80371,61103,,.47688347,-6341
3013,METROPOLITANA DE SANTIAGO,2807,ISLA DE MAIPO,13781,3466,3638,199,1505,1367,1743,1827,APRUEBO,12381,15226,12381,,.5534628,-1445
3005,DE VALPARAISO,2548,ISLA DE PASCUA,3027,972,581,41,311,323,314,352,APRUEBO,2292,2726,2292,,.4503552,301
3005,DE VALPARAISO,2544,JUAN FERNANDEZ,321,144,61,5,6,22,42,37,APRUEBO,377,439,377,,.478735,-118
3013,METROPOLITANA DE SANTIAGO,2766,LA CISTERNA,39184,13048,9830,733,2560,3410,5577,4101,APRUEBO,37198,45847,37198,,.54693091,-6663
3005,DE VALPARAISO,2561,LA CRUZ,9252,2124,2639,100,1616,646,1249,808,APRUEBO,6989,9006,6989,,.57144672,246
3006,DEL LIBERTADOR GENERAL BERNARDO O'HIGGINS,2597,LA ESTRELLA,1843,406,514,19,128,113,301,326,APRUEBO,1158,1484,1158,,.42939815,359
3013,METROPOLITANA DE SANTIAGO,2767,LA FLORIDA,159536,58319,33562,3003,10735,13959,23602,16861,APRUEBO,153235,182589,153235,,.59092814,-23053
3013,METROPOLITANA DE SANTIAGO,2768,LA GRANJA,45224,14887,8105,1002,4760,5644,4561,5911,APRUEBO,49981,57326,49981,,.54471016,-12102
3004,DE COQUIMBO,2529,LA HIGUERA,1640,459,322,30,405,116,109,296,APRUEBO,1345,1564,1345,,.36420906,76
3005,DE VALPARAISO,2553,LA LIGUA,14353,4229,3165,195,2257,1079,1680,1896,APRUEBO,13580,16001,13580,,.53043419,-1648
3013,METROPOLITANA DE SANTIAGO,2769,LA PINTANA,54991,16023,9018,1227,7364,9024,4585,7554,APRUEBO,64779,73723,64779,,.523224,-18732
3013,METROPOLITANA DE SANTIAGO,2770,LA REINA,56814,15721,17036,574,1222,1779,13724,6293,APRUEBO,39970,59183,39970,,.64124769,-2369
3004,DE COQUIMBO,2526,LA SERENA,82509,23245,20297,1218,13743,5558,10033,9044,APRUEBO,73254,90124,73254,,.52045965,-7615
3014,DE LOS RIOS,2818,LA UNION,16239,2783,5954,163,2212,763,1840,2322,APRUEBO,10749,14908,10749,,.41876057,1331
3014,DE LOS RIOS,2820,LAGO RANCO,4430,703,1740,51,487,188,475,655,APRUEBO,2093,3348,2093,,.36139631,1082
3011,DE AYSEN DEL GENERAL CARLOS IBAÑEZ DEL CAMPO,2738,LAGO VERDE,475,75,216,11,31,16,46,65,APRUEBO,247,373,247,,.32096636,102
3012,DE MAGALLANES Y DE LA ANTARTICA CHILENA,2748,LAGUNA BLANCA,306,57,134,3,25,26,24,33,APRUEBO,139,201,139,,.2433414,105
3008,DEL BIOBIO,2664,LAJA,9096,1299,2709,83,2295,632,880,1017,APRUEBO,7030,9327,7030,,.43420684,-231
3013,METROPOLITANA DE SANTIAGO,2794,LAMPA,28657,7393,7308,456,3985,3219,3676,2752,APRUEBO,25995,31541,25995,,.55074799,-2884
3014,DE LOS RIOS,2812,LANCO,6781,1413,2312,78,1000,309,561,981,APRUEBO,5084,6697,5084,,.41787785,84
3006,DEL LIBERTADOR GENERAL BERNARDO O'HIGGINS,2585,LAS CABRAS,9046,1993,2392,104,826,779,1282,1470,APRUEBO,7187,8668,7187,,.43384308,378
3013,METROPOLITANA DE SANTIAGO,2771,LAS CONDES,170766,22145,78095,598,1826,2556,53138,12286,APRUEBO,73386,166543,73386,,.61739993,4223
3009,DE LA ARAUCANIA,2682,LAUTARO,15397,2171,6914,144,1829,785,1281,2197,APRUEBO,8037,12915,8037,,.37901875,2482
3008,DEL BIOBIO,2654,LEBU,8935,1581,3442,95,1238,647,527,1361,APRUEBO,5630,8516,5630,,.38281566,419
3007,DEL MAULE,2627,LICANTEN,3054,562,735,29,347,187,628,539,APRUEBO,2412,2929,2412,,.42761043,125
3005,DE VALPARAISO,2576,LIMACHE,19264,5242,5734,280,2528,1295,2418,1791,APRUEBO,15572,20221,15572,,.52376634,-957
3007,DEL MAULE,2634,LINARES,36822,7900,12574,318,4896,2371,4493,4137,APRUEBO,25878,35878,25878,,.43234587,944
3006,DEL LIBERTADOR GENERAL BERNARDO O'HIGGINS,2598,LITUECHE,3186,673,935,31,208,200,470,615,APRUEBO,1971,2529,1971,,.40938616,657
3005,DE VALPARAISO,2571,LLAILLAY,10411,2900,1688,169,2060,974,1006,1441,APRUEBO,10304,11645,10304,,.56196314,-1234
3010,DE LOS LAGOS,2713,LLANQUIHUE,7960,1395,2618,66,1390,553,627,1186,APRUEBO,5682,7811,5682,,.48642406,149
3013,METROPOLITANA DE SANTIAGO,2772,LO BARNECHEA,55042,4617,28309,200,1189,1249,16644,2570,APRUEBO,21111,55258,21111,,.67767113,-216
3013,METROPOLITANA DE SANTIAGO,2773,LO ESPEJO,37847,12552,6382,923,4296,5690,3233,4562,APRUEBO,44806,50594,44806,,.54824352,-12747
3013,METROPOLITANA DE SANTIAGO,2774,LO PRADO,39814,12923,7554,910,3878,5272,4434,4785,APRUEBO,44379,51366,44379,,.57061213,-11552
3006,DEL LIBERTADOR GENERAL BERNARDO O'HIGGINS,2605,LOLOL,3025,568,812,18,228,120,569,654,APRUEBO,1815,2433,1815,,.36193028,592
3009,DE LA ARAUCANIA,2683,LONCOCHE,9640,1516,3501,93,1306,588,938,1537,APRUEBO,6125,8237,6125,,.35712737,1403
3007,DEL MAULE,2636,LONGAVI,10115,1644,4182,56,1077,518,1186,1414,APRUEBO,5457,7859,5457,,.29665342,2256
3009,DE LA ARAUCANIA,2700,LONQUIMAY,4737,580,2144,32,427,169,326,880,APRUEBO,1963,3349,1963,,.27939823,1388
3008,DEL BIOBIO,2659,LOS ALAMOS,8125,1030,3497,78,1267,380,477,1073,APRUEBO,4194,6650,4194,,.37263808,1475
3005,DE VALPARAISO,2549,LOS ANDES,29497,7177,7144,330,5366,2268,3590,3241,APRUEBO,25366,31276,25366,,.55814534,-1779
3008,DEL BIOBIO,2661,LOS ANGELES,70260,9446,29438,615,11658,3254,8842,6438,APRUEBO,43288,68745,43288,,.42473644,1515
3014,DE LOS RIOS,2813,LOS LAGOS,7758,1476,2851,60,1091,396,698,1055,APRUEBO,5399,7512,5399,,.39763758,246
3010,DE LOS LAGOS,2712,LOS MUERMOS,6826,796,3214,37,759,245,715,858,APRUEBO,2780,5116,2780,,.31506342,1710
3009,DE LA ARAUCANIA,2701,LOS SAUCES,3570,386,1881,28,277,130,310,462,APRUEBO,1409,2495,1409,,.33858696,1075
3004,DE COQUIMBO,2534,LOS VILOS,8167,2142,1431,150,1322,659,801,1331,APRUEBO,7679,8875,7679,,.49047723,-708
3008,DEL BIOBIO,2647,LOTA,21534,3892,6201,218,4624,1827,1290,3074,APRUEBO,17051,22943,17051,,.47797799,-1409
3009,DE LA ARAUCANIA,2702,LUMACO,4239,556,2443,52,241,175,227,455,APRUEBO,1711,2979,1711,,.32597047,1260
3006,DEL LIBERTADOR GENERAL BERNARDO O'HIGGINS,2586,MACHALI,20628,5093,5587,172,2884,1619,3171,1848,APRUEBO,16393,20932,16393,,.58579749,-304
3013,METROPOLITANA DE SANTIAGO,2775,MACUL,53961,19448,11867,963,3105,4320,8406,5997,APRUEBO,49762,60392,49762,,.59166962,-6431
3014,DE LOS RIOS,2814,MAFIL,3417,479,1292,29,647,187,283,423,APRUEBO,2049,2853,2049,,.4078308,564
3013,METROPOLITANA DE SANTIAGO,2776,MAIPU,206897,75646,42681,4173,17651,20921,25947,19369,APRUEBO,208747,243115,208747,,.61960757,-36218
3006,DEL LIBERTADOR GENERAL BERNARDO O'HIGGINS,2587,MALLOA,5461,1064,1691,43,686,414,682,794,APRUEBO,4246,5435,4246,,.44831005,26
3006,DEL LIBERTADOR GENERAL BERNARDO O'HIGGINS,2599,MARCHIGUE,3104,669,755,33,240,171,605,595,APRUEBO,2408,2926,2408,,.43038163,178
3002,DE ANTOFAGASTA,2516,MARIA ELENA,1838,265,212,34,964,118,73,148,APRUEBO,1938,2138,1938,,.33080143,-300
3013,METROPOLITANA DE SANTIAGO,2803,MARIA PINTO,5570,1507,1503,52,485,419,793,760,APRUEBO,4424,5473,4424,,.48552656,97
3014,DE LOS RIOS,2815,MARIQUINA,7785,1520,2346,72,1543,391,667,1226,APRUEBO,5934,7772,5934,,.41697991,13
3007,DEL MAULE,2616,MAULE,12202,2117,3418,94,2339,968,1544,1525,APRUEBO,8355,10877,8355,,.47753128,1325
3010,DE LOS LAGOS,2714,MAULLIN,5594,882,2197,50,715,208,496,941,APRUEBO,3418,5095,3418,,.33090198,499
3002,DE ANTOFAGASTA,2509,MEJILLONES,3907,747,589,52,1656,270,199,350,APRUEBO,4572,5128,4572,,.52244276,-1221
3009,DE LA ARAUCANIA,2684,MELIPEUCO,2251,362,944,26,247,95,199,328,APRUEBO,1542,2159,1542,,.28727371,92
3013,METROPOLITANA DE SANTIAGO,2800,MELIPILLA,40347,10619,12235,590,4351,2810,5546,4810,APRUEBO,34983,43097,34983,,.44184121,-2750
3007,DEL MAULE,2628,MOLINA,19129,3961,4884,185,2641,1647,2255,3244,APRUEBO,15425,19214,15425,,.49311513,-85
3004,DE COQUIMBO,2538,MONTE PATRIA,10491,1972,1894,185,2623,748,794,1837,APRUEBO,9838,11192,9838,,.39916179,-701
3006,DEL LIBERTADOR GENERAL BERNARDO O'HIGGINS,2588,MOSTAZAL,9853,2657,2281,128,1594,856,1063,1117,APRUEBO,9673,11438,9673,,.55334401,-1585
3008,DEL BIOBIO,2665,MULCHEN,10150,1351,3762,86,1830,465,822,1613,APRUEBO,7252,10136,7252,,.37848458,14
3008,DEL BIOBIO,2666,NACIMIENTO,10759,1367,3693,96,2874,548,836,1264,APRUEBO,7267,10403,7267,,.42153758,356
3006,DEL LIBERTADOR GENERAL BERNARDO O'HIGGINS,2606,NANCAGUA,6336,1338,1661,60,1006,395,1064,1276,APRUEBO,5840,7059,5840,,.46662256,-723
3012,DE MAGALLANES Y DE LA ANTARTICA CHILENA,2756,NATALES,8281,2437,2039,91,980,722,573,1253,APRUEBO,6506,7798,6506,,.34814253,483
3006,DEL LIBERTADOR GENERAL BERNARDO O'HIGGINS,2600,NAVIDAD,3077,807,761,53,204,217,527,622,APRUEBO,2322,2914,2322,,.46272454,163
3008,DEL BIOBIO,2667,NEGRETE,3792,350,1545,25,661,217,399,508,APRUEBO,2287,3704,2287,,.4156194,88
3016,DE ÑUBLE,2838,NINHUE,2455,253,824,15,191,105,320,697,APRUEBO,1353,1920,1353,,.31856644,535
3005,DE VALPARAISO,2562,NOGALES,9114,2325,1501,130,2388,899,925,1094,APRUEBO,9520,10812,9520,,.55043024,-1698
3009,DE LA ARAUCANIA,2685,NUEVA IMPERIAL,13484,2196,4696,178,1647,1011,1191,2301,APRUEBO,8765,12100,8765,,.39602175,1384
3011,DE AYSEN DEL GENERAL CARLOS IBAÑEZ DEL CAMPO,2743,O'HIGGINS,325,75,142,3,16,5,26,47,APRUEBO,153,236,153,,.33053222,89
3006,DEL LIBERTADOR GENERAL BERNARDO O'HIGGINS,2589,OLIVAR,6280,1324,1701,46,1076,493,835,718,APRUEBO,5121,6485,5121,,.52710283,-205
3002,DE ANTOFAGASTA,2513,OLLAGUE,372,29,53,3,220,27,12,25,APRUEBO,317,379,317,,.21196868,-7
3005,DE VALPARAISO,2577,OLMUE,7980,1925,2624,101,893,561,1000,760,APRUEBO,5984,8031,5984,,.49816895,-51
3010,DE LOS LAGOS,2726,OSORNO,67989,14256,21365,838,9914,3309,7717,9994,APRUEBO,51694,70256,51694,,.4907693,-2267
3004,DE COQUIMBO,2536,OVALLE,37278,8759,7746,420,7709,2764,3734,5570,APRUEBO,34181,40319,34181,,.43821231,-3041
3013,METROPOLITANA DE SANTIAGO,2808,PADRE HURTADO,24852,7120,5178,418,3527,3123,2775,2626,APRUEBO,22498,26116,22498,,.60788989,-1264
3009,DE LA ARAUCANIA,2686,PADRE LAS CASAS,25977,4409,9271,265,4368,1852,2511,2982,APRUEBO,16892,24121,16892,,.4157792,1856
3004,DE COQUIMBO,2530,PAIHUANO,2117,576,488,37,277,146,274,289,APRUEBO,1958,2414,1958,,.46915269,-297
3014,DE LOS RIOS,2816,PAILLACO,8540,1428,3333,94,1226,333,801,1171,APRUEBO,5434,7673,5434,,.40315458,867
3013,METROPOLITANA DE SANTIAGO,2799,PAINE,27202,7020,8428,266,3212,2099,2743,2699,APRUEBO,22637,27951,22637,,.5300076,-749
3010,DE LOS LAGOS,2736,PALENA,811,160,307,7,57,20,81,157,APRUEBO,422,636,422,,.27167878,175
3006,DEL LIBERTADOR GENERAL BERNARDO O'HIGGINS,2607,PALMILLA,4568,819,1127,39,469,275,671,1231,APRUEBO,3500,4336,3500,,.42087379,232
3014,DE LOS RIOS,2817,PANGUIPULLI,13540,2368,4900,169,1836,906,1329,1954,APRUEBO,8572,12449,8572,,.35900176,1091
3005,DE VALPARAISO,2572,PANQUEHUE,3330,714,870,28,711,229,331,389,APRUEBO,2858,3588,2858,,.56380475,-258
3005,DE VALPARAISO,2555,PAPUDO,3639,869,904,34,458,195,658,497,APRUEBO,2780,3499,2780,,.62006027,140
3006,DEL LIBERTADOR GENERAL BERNARDO O'HIGGINS,2601,PAREDONES,3094,634,752,24,217,155,523,708,APRUEBO,1974,2471,1974,,.37102103,623
3007,DEL MAULE,2637,PARRAL,16710,2752,6504,109,1551,829,2552,2394,APRUEBO,10252,14897,10252,,.39432812,1813
3013,METROPOLITANA DE SANTIAGO,2778,PEDRO AGUIRRE CERDA,44712,17001,7558,1402,3541,5661,4531,5048,APRUEBO,48614,55710,48614,,.58555806,-10998
3007,DEL MAULE,2617,PELARCO,3693,549,1127,29,561,248,528,595,APRUEBO,2589,3391,2589,,.38640431,302
3007,DEL MAULE,2624,PELLUHUE,4123,692,1813,34,274,179,499,531,APRUEBO,1944,2917,1944,,.39511865,1206
3016,DE ÑUBLE,2830,PEMUCO,3407,424,1364,20,390,172,423,574,APRUEBO,1935,2880,1935,,.35391048,527
3007,DEL MAULE,2618,PENCAHUE,4883,634,1686,24,584,269,656,936,APRUEBO,2928,4169,2928,,.40744722,714
3008,DEL BIOBIO,2648,PENCO,21131,4384,4823,296,4424,1651,1798,3466,APRUEBO,18663,23135,18663,,.54977643,-2004
3006,DEL LIBERTADOR GENERAL BERNARDO O'HIGGINS,2608,PERALILLO,4275,915,1092,40,392,273,772,921,APRUEBO,3608,4540,3608,,.45158082,-265
3009,DE LA ARAUCANIA,2687,PERQUENCO,3005,383,1251,36,456,185,174,458,APRUEBO,1778,2553,1778,,.3850098,452
3005,DE VALPARAISO,2556,PETORCA,4167,1175,671,54,742,374,361,712,APRUEBO,4146,4639,4146,,.49721029,-472
3006,DEL LIBERTADOR GENERAL BERNARDO O'HIGGINS,2590,PEUMO,6030,1500,1260,84,791,505,770,985,APRUEBO,5355,6230,5355,,.48911077,-200
3013,METROPOLITANA DE SANTIAGO,2809,PEÑAFLOR,37241,10887,7694,599,5103,4264,4229,4238,APRUEBO,36889,43190,36889,,.59855443,-5949
3013,METROPOLITANA DE SANTIAGO,2779,PEÑALOLEN,95351,30779,19448,1664,7114,9789,14947,11182,APRUEBO,96529,115226,96529,,.59668112,-19875
3001,DE TARAPACA,2507,PICA,2565,403,758,27,743,100,203,305,APRUEBO,1769,2435,1769,,.44413918,130
3006,DEL LIBERTADOR GENERAL BERNARDO O'HIGGINS,2591,PICHIDEGUA,6951,1541,1614,83,745,464,1138,1232,APRUEBO,5350,6471,5350,,.39159948,480
3006,DEL LIBERTADOR GENERAL BERNARDO O'HIGGINS,2596,PICHILEMU,8375,2204,1996,113,746,553,1602,1173,APRUEBO,6173,7618,6173,,.49362525,757
3016,DE ÑUBLE,2831,PINTO,5421,578,2626,34,446,256,726,457,APRUEBO,2235,4300,2235,,.38996279,1121
3013,METROPOLITANA DE SANTIAGO,2791,PIRQUE,12771,3587,3614,151,849,1025,1992,1504,APRUEBO,10055,13102,10055,,.60038644,-331
3009,DE LA ARAUCANIA,2688,PITRUFQUEN,10130,1573,4487,82,1077,572,974,1241,APRUEBO,5566,8567,5566,,.3764551,1563
3006,DEL LIBERTADOR GENERAL BERNARDO O'HIGGINS,2609,PLACILLA,3799,643,977,47,636,282,580,722,APRUEBO,3222,3945,3222,,.48595715,-146
3016,DE ÑUBLE,2839,PORTEZUELO,2718,308,1068,23,207,116,371,574,APRUEBO,1420,2038,1420,,.35359499,680
3012,DE MAGALLANES Y DE LA ANTARTICA CHILENA,2753,PORVENIR,2328,761,581,18,245,193,166,304,APRUEBO,1539,1866,1539,,.30311891,462
3001,DE TARAPACA,2503,POZO ALMONTE,5155,544,1260,58,2049,276,229,664,APRUEBO,3730,4846,3730,,.40645543,309
3012,DE MAGALLANES Y DE LA ANTARTICA CHILENA,2754,PRIMAVERA,313,63,66,4,51,46,31,43,APRUEBO,218,253,218,,.2,60
3013,METROPOLITANA DE SANTIAGO,2780,PROVIDENCIA,94616,28918,30146,830,1301,2059,22138,10293,APRUEBO,60130,94109,60130,,.55237192,507
3005,DE VALPARAISO,2545,PUCHUNCAVI,8870,2319,1920,126,1357,793,1357,907,APRUEBO,7244,8659,7244,,.56753033,211
3009,DE LA ARAUCANIA,2689,PUCON,12280,2900,4592,136,1352,593,1595,1089,APRUEBO,8176,11375,8176,,.41495457,905
3013,METROPOLITANA DE SANTIAGO,2781,PUDAHUEL,81043,26748,15261,2028,8610,10563,8815,8275,APRUEBO,87139,99725,87139,,.5832215,-18682
3013,METROPOLITANA DE SANTIAGO,2790,PUENTE ALTO,190892,68855,33878,4072,19335,22293,23319,18237,APRUEBO,204801,232278,204801,,.57821113,-41386
3010,DE LOS LAGOS,2707,PUERTO MONTT,87812,18860,28790,1209,14459,5555,9453,9339,APRUEBO,65567,88316,65567,,.47778615,-504
3010,DE LOS LAGOS,2727,PUERTO OCTAY,4117,651,1245,42,645,201,318,956,APRUEBO,2623,3591,2623,,.40366662,526
3010,DE LOS LAGOS,2715,PUERTO VARAS,23122,4459,9205,191,2150,897,3841,2276,APRUEBO,14005,21854,14005,,.5279308,1268
3006,DEL LIBERTADOR GENERAL BERNARDO O'HIGGINS,2610,PUMANQUE,1929,356,534,27,125,133,346,383,APRUEBO,1222,1574,1222,,.40735942,355
3004,DE COQUIMBO,2539,PUNITAQUI,4131,819,682,31,1244,262,296,709,APRUEBO,3627,4183,3627,,.39518803,-52
3012,DE MAGALLANES Y DE LA ANTARTICA CHILENA,2747,PUNTA ARENAS,56596,17375,15589,537,7174,5482,4782,4993,APRUEBO,42928,54128,42928,,.44044715,2468
3010,DE LOS LAGOS,2721,PUQUELDON,1247,299,287,14,293,83,102,217,APRUEBO,1051,1194,1051,,.25925925,53
3009,DE LA ARAUCANIA,2703,PUREN,5341,615,2644,49,405,230,398,924,APRUEBO,2657,4289,2657,,.35174847,1052
3010,DE LOS LAGOS,2728,PURRANQUE,8990,1317,3456,79,1082,426,882,1691,APRUEBO,5168,7891,5168,,.39817953,1099
3005,DE VALPARAISO,2573,PUTAENDO,6546,1807,1382,119,944,536,628,1031,APRUEBO,6222,7246,6222,,.52276498,-700
3015,DE ARICA Y PARINACOTA,2824,PUTRE,2000,179,658,20,648,88,91,268,APRUEBO,719,1075,719,,.19337414,925
3010,DE LOS LAGOS,2729,PUYEHUE,5098,753,1790,42,598,267,413,1151,APRUEBO,3208,4693,3208,,.40965432,405
3010,DE LOS LAGOS,2722,QUEILEN,2403,493,520,29,315,117,212,663,APRUEBO,1320,1494,1320,,.24681345,909
3010,DE LOS LAGOS,2723,QUELLON,8780,1748,2123,111,1747,441,694,1660,APRUEBO,6745,8657,6745,,.38340867,123
3010,DE LOS LAGOS,2724,QUEMCHI,2865,587,789,30,345,145,291,596,APRUEBO,1922,2324,1922,,.25908989,541
3008,DEL BIOBIO,2668,QUILACO,1868,235,668,11,233,79,194,409,APRUEBO,1122,1554,1122,,.36521739,314
3013,METROPOLITANA DE SANTIAGO,2782,QUILICURA,68155,22630,12966,1468,8671,8281,8028,6869,APRUEBO,73637,84048,73637,,.60449457,-15893
3008,DEL BIOBIO,2669,QUILLECO,3930,410,1479,43,675,244,399,572,APRUEBO,2203,3240,2203,,.34794286,690
3016,DE ÑUBLE,2832,QUILLON,6696,839,2479,71,970,420,827,996,APRUEBO,4072,5913,4072,,.38458034,783
3005,DE VALPARAISO,2558,QUILLOTA,36540,9253,9930,565,5680,3009,4514,3514,APRUEBO,30871,39004,30871,,.51720047,-2464
3005,DE VALPARAISO,2575,QUILPUE,70864,20664,19868,1076,8243,5615,8711,6164,APRUEBO,57470,74059,57470,,.55508631,-3195
3010,DE LOS LAGOS,2725,QUINCHAO,2535,712,515,25,276,127,191,626,APRUEBO,2536,2989,2536,,.32344985,-454
3006,DEL LIBERTADOR GENERAL BERNARDO O'HIGGINS,2592,QUINTA DE TILCOCO,5892,1464,1441,72,810,420,784,782,APRUEBO,5504,6460,5504,,.50957483,-568
3013,METROPOLITANA DE SANTIAGO,2783,QUINTA NORMAL,44987,15938,9933,1068,3301,5075,5451,4830,APRUEBO,46729,55219,46729,,.53739041,-10232
3005,DE VALPARAISO,2546,QUINTERO,12384,3085,2997,186,2289,1281,1237,1165,APRUEBO,10452,12943,10452,,.53327554,-559
3016,DE ÑUBLE,2835,QUIRIHUE,5198,758,1357,43,595,243,703,1337,APRUEBO,3159,3986,3159,,.36387745,1212
3006,DEL LIBERTADOR GENERAL BERNARDO O'HIGGINS,2579,RANCAGUA,95497,25657,22656,1142,16111,7907,11856,9010,APRUEBO,87494,107084,87494,,.55013597,-11587
3016,DE ÑUBLE,2840,RANQUIL,2765,356,991,19,362,144,321,508,APRUEBO,1505,2199,1505,,.39523551,566
3007,DEL MAULE,2629,RAUCO,4389,602,1474,37,528,383,567,722,APRUEBO,3230,4217,3230,,.43388855,172
3013,METROPOLITANA DE SANTIAGO,2784,RECOLETA,60588,21857,13211,1547,4627,6375,7211,6495,APRUEBO,64286,76388,64286,,.52851939,-15800
3009,DE LA ARAUCANIA,2704,RENAICO,4345,445,1755,35,792,259,385,576,APRUEBO,2640,3745,2640,,.39412445,600
3013,METROPOLITANA DE SANTIAGO,2785,RENCA,50548,16061,8927,1280,6237,7297,4860,5984,APRUEBO,57657,65224,57657,,.5544982,-14676
3006,DEL LIBERTADOR GENERAL BERNARDO O'HIGGINS,2593,RENGO,23107,5573,5562,298,3461,2182,2540,3322,APRUEBO,20433,24849,20433,,.51503658,-1742
3006,DEL LIBERTADOR GENERAL BERNARDO O'HIGGINS,2594,REQUINOA,11619,2120,3401,107,2143,909,1380,1398,APRUEBO,9428,12078,9428,,.53260726,-459
3007,DEL MAULE,2638,RETIRO,6941,908,2962,55,737,400,1226,933,APRUEBO,3583,5206,3583,,.30341008,1735
3005,DE VALPARAISO,2551,RINCONADA,5217,1097,1389,63,863,375,644,710,APRUEBO,4365,5434,4365,,.5910821,-217
3014,DE LOS RIOS,2821,RIO BUENO,13158,2106,5283,150,1673,583,1380,2025,APRUEBO,7935,11648,7935,,.31130782,1510
3007,DEL MAULE,2619,RIO CLARO,5579,856,1688,60,726,433,820,827,APRUEBO,3733,4797,3733,,.4121035,782
3004,DE COQUIMBO,2540,RIO HURTADO,1789,327,365,20,326,124,195,396,APRUEBO,1353,1638,1353,,.34797442,151
3011,DE AYSEN DEL GENERAL CARLOS IBAÑEZ DEL CAMPO,2746,RIO IBAÑEZ,1385,287,464,11,112,69,161,227,APRUEBO,637,932,637,,.32541069,453
3010,DE LOS LAGOS,2730,RIO NEGRO,6339,891,2158,50,827,290,703,1314,APRUEBO,3616,5288,3616,,.39922979,1051
3012,DE MAGALLANES Y DE LA ANTARTICA CHILENA,2749,RIO VERDE,258,52,101,0,31,29,26,17,APRUEBO,124,183,124,,.23735408,75
3007,DEL MAULE,2630,ROMERAL,6510,1049,2145,62,731,462,896,1045,APRUEBO,4558,6344,4558,,.46134755,166
3009,DE LA ARAUCANIA,2690,SAAVEDRA,5200,760,1581,106,535,406,453,1183,APRUEBO,2960,4021,2960,,.30882579,1179
3007,DEL MAULE,2631,SAGRADA FAMILIA,7274,1303,1966,72,992,557,974,1466,APRUEBO,6256,7659,6256,,.48458958,-385
3004,DE COQUIMBO,2535,SALAMANCA,9979,2134,2017,141,2512,577,832,1610,APRUEBO,8984,10523,8984,,.45095161,-544
3005,DE VALPARAISO,2563,SAN ANTONIO,39156,11916,6985,1032,5905,4312,3455,5075,APRUEBO,38969,44040,38969,,.56062943,-4884
3013,METROPOLITANA DE SANTIAGO,2796,SAN BERNARDO,98188,29945,23430,1693,11002,11294,10205,10008,APRUEBO,101585,119822,101585,,.52289832,-21634
3016,DE ÑUBLE,2842,SAN CARLOS,19368,3118,7864,161,2335,941,2391,2526,APRUEBO,12268,18120,12268,,.38169694,1248
3007,DEL MAULE,2620,SAN CLEMENTE,14610,2687,4207,134,2256,1105,1749,2607,APRUEBO,11647,14892,11647,,.40081611,-282
3005,DE VALPARAISO,2552,SAN ESTEBAN,8402,1726,1816,93,1793,594,1006,1240,APRUEBO,7115,8639,7115,,.57851297,-237
3016,DE ÑUBLE,2845,SAN FABIAN,2338,394,805,14,281,97,308,392,APRUEBO,1367,1898,1367,,.39000207,440
3005,DE VALPARAISO,2569,SAN FELIPE,29535,7691,7542,425,5113,2200,3253,3280,APRUEBO,27101,33389,27101,,.55515587,-3854
3006,DEL LIBERTADOR GENERAL BERNARDO O'HIGGINS,2602,SAN FERNANDO,30442,7173,8385,372,4055,2136,4240,3836,APRUEBO,26045,33308,26045,,.5304786,-2866
3012,DE MAGALLANES Y DE LA ANTARTICA CHILENA,2750,SAN GREGORIO,249,52,95,0,33,27,32,5,APRUEBO,130,205,130,,.22752497,44
3016,DE ÑUBLE,2833,SAN IGNACIO,6222,730,2504,59,619,389,892,906,APRUEBO,3255,4950,3255,,.34287301,1272
3007,DEL MAULE,2639,SAN JAVIER,15983,2718,5319,135,2139,979,2086,2501,APRUEBO,11301,15427,11301,,.3958419,556
3013,METROPOLITANA DE SANTIAGO,2786,SAN JOAQUIN,39456,14987,6971,940,3048,4249,4379,4406,APRUEBO,41800,48221,41800,,.57659984,-8765
3013,METROPOLITANA DE SANTIAGO,2792,SAN JOSE DE MAIPO,7590,2878,1617,163,569,771,940,1022,APRUEBO,7507,8929,7507,,.57052308,-1339
3010,DE LOS LAGOS,2731,SAN JUAN DE LA COSTA,3862,746,838,66,518,231,328,1228,APRUEBO,2530,3177,2530,,.40379232,685
3013,METROPOLITANA DE SANTIAGO,2787,SAN MIGUEL,52595,19836,12313,1019,2404,3616,8226,5296,APRUEBO,46402,57222,46402,,.54684609,-4627
3016,DE ÑUBLE,2846,SAN NICOLAS,5432,785,1849,47,691,403,640,906,APRUEBO,3334,4741,3334,,.41385636,691
3010,DE LOS LAGOS,2732,SAN PABLO,4874,757,1566,55,544,254,454,1168,APRUEBO,2941,4091,2941,,.41483209,783
3013,METROPOLITANA DE SANTIAGO,2804,SAN PEDRO,3634,671,1332,34,312,195,483,541,APRUEBO,2374,3029,2374,,.36684453,605
3002,DE ANTOFAGASTA,2514,SAN PEDRO DE ATACAMA,3310,849,453,66,1103,215,187,370,APRUEBO,2911,3337,2911,,.4813799,-27
3008,DEL BIOBIO,2649,SAN PEDRO DE LA PAZ,47269,9865,14414,489,7277,2926,6603,4764,APRUEBO,36103,49632,36103,,.56481284,-2363
3007,DEL MAULE,2621,SAN RAFAEL,4168,590,1183,38,738,369,548,627,APRUEBO,2935,3756,2935,,.45366678,412
3013,METROPOLITANA DE SANTIAGO,2788,SAN RAMON,34131,10640,6372,805,3597,4745,3470,4060,APRUEBO,38971,45247,38971,,.54305488,-11116
3008,DEL BIOBIO,2670,SAN ROSENDO,1933,313,510,13,431,204,134,282,APRUEBO,1591,1958,1591,,.44624147,-25
3006,DEL LIBERTADOR GENERAL BERNARDO O'HIGGINS,2595,SAN VICENTE,18940,4515,4736,218,2040,1237,2779,3166,APRUEBO,16379,19897,16379,,.4927274,-957
3008,DEL BIOBIO,2671,SANTA BARBARA,5200,645,2082,47,865,225,583,670,APRUEBO,3257,4658,3257,,.35152888,542
3006,DEL LIBERTADOR GENERAL BERNARDO O'HIGGINS,2611,SANTA CRUZ,13586,3011,3809,130,1291,664,2537,2053,APRUEBO,10240,13556,10240,,.43089169,30
3008,DEL BIOBIO,2650,SANTA JUANA,5417,886,2155,71,807,341,424,638,APRUEBO,3541,5142,3541,,.4089607,275
3005,DE VALPARAISO,2574,SANTA MARIA,5892,1149,1343,59,1141,449,770,1017,APRUEBO,5345,6466,5345,,.54149204,-574
3013,METROPOLITANA DE SANTIAGO,2758,SANTIAGO,135888,53470,34443,3062,5746,7131,18641,12576,APRUEBO,119139,149864,119139,,.44303682,-13976
3005,DE VALPARAISO,2568,SANTO DOMINGO,7464,1281,3000,58,503,395,1333,828,APRUEBO,4003,6623,4003,,.60717565,841
3002,DE ANTOFAGASTA,2510,SIERRA GORDA,644,102,131,5,234,61,27,79,APRUEBO,749,856,749,,.26942515,-212
3013,METROPOLITANA DE SANTIAGO,2805,TALAGANTE,31310,8298,8109,460,3808,2996,3722,3668,APRUEBO,27786,34530,27786,,.59753895,-3220
3007,DEL MAULE,2612,TALCA,91182,22153,25368,929,13421,5817,12867,11031,APRUEBO,74989,96924,74989,,.53982365,-5742
3008,DEL BIOBIO,2651,TALCAHUANO,63917,13213,18975,866,13156,4567,6102,6191,APRUEBO,51933,67865,51933,,.51023465,-3948
3002,DE ANTOFAGASTA,2511,TALTAL,3650,851,720,56,906,273,188,602,APRUEBO,4072,4665,4072,,.44869331,-1015
3009,DE LA ARAUCANIA,2675,TEMUCO,120825,23413,47023,1216,15090,6777,14178,12020,APRUEBO,78332,117020,78332,,.49539065,3805
3007,DEL MAULE,2632,TENO,9920,1684,3127,105,1436,779,1377,1228,APRUEBO,8028,10365,8028,,.42044625,-445
3009,DE LA ARAUCANIA,2691,TEODORO SCHMIDT,6528,749,2667,46,656,302,995,911,APRUEBO,3026,4819,3026,,.34500751,1709
3003,DE ATACAMA,2519,TIERRA AMARILLA,5072,849,737,45,1616,279,318,1163,APRUEBO,5084,5785,5084,,.45329887,-713
3013,METROPOLITANA DE SANTIAGO,2795,TILTIL,7106,1980,1741,106,968,643,906,767,APRUEBO,6788,8051,6788,,.56030345,-945
3012,DE MAGALLANES Y DE LA ANTARTICA CHILENA,2755,TIMAUKEL,171,24,71,1,22,23,19,8,APRUEBO,63,94,63,,.11338963,77
3008,DEL BIOBIO,2660,TIRUA,3844,581,1936,57,322,140,234,483,APRUEBO,2100,3094,2100,,.33985275,750
3002,DE ANTOFAGASTA,2515,TOCOPILLA,8393,1507,1188,105,3445,651,477,923,APRUEBO,9211,10288,9211,,.46047679,-1895
3009,DE LA ARAUCANIA,2692,TOLTEN,4582,565,1858,44,452,254,645,631,APRUEBO,2126,3398,2126,,.32217374,1184
3008,DEL BIOBIO,2652,TOME,23016,4959,6873,259,3805,1424,2073,3324,APRUEBO,17846,23520,17846,,.47347951,-504
3012,DE MAGALLANES Y DE LA ANTARTICA CHILENA,2757,TORRES DEL PAINE,610,123,161,4,74,67,42,123,APRUEBO,472,592,472,,.34140715,18
3011,DE AYSEN DEL GENERAL CARLOS IBAÑEZ DEL CAMPO,2744,TORTEL,215,67,39,8,14,15,20,35,APRUEBO,184,207,184,,.37912089,8
3009,DE LA ARAUCANIA,2705,TRAIGUEN,8025,1273,3830,105,519,430,753,991,APRUEBO,4144,6402,4144,,.34276223,1623
3016,DE ÑUBLE,2841,TREHUACO,2694,398,905,20,338,117,310,557,APRUEBO,1569,2115,1569,,.35951045,579
3008,DEL BIOBIO,2672,TUCAPEL,5803,830,1820,53,1148,305,584,939,APRUEBO,3939,5257,3939,,.40775794,546
3014,DE LOS RIOS,2810,VALDIVIA,70258,21114,19546,1092,8081,4257,7403,8563,APRUEBO,58607,75159,58607,,.54530638,-4901
3003,DE ATACAMA,2522,VALLENAR,20217,2823,2805,174,3937,526,1110,8653,APRUEBO,18485,21075,18485,,.46308148,-858
3005,DE VALPARAISO,2541,VALPARAISO,129972,45641,30453,3297,13490,11383,12314,12912,APRUEBO,122068,148145,122068,,.50779951,-18173
3007,DEL MAULE,2633,VICHUQUEN,2772,398,855,25,186,107,757,414,APRUEBO,1566,2232,1566,,.43751225,540
3009,DE LA ARAUCANIA,2706,VICTORIA,14765,1718,8465,121,1029,740,1142,1477,APRUEBO,7060,12373,7060,,.37951991,2392
3004,DE COQUIMBO,2531,VICUÑA,9304,2255,1745,124,1672,537,822,1968,APRUEBO,9483,10857,9483,,.46655411,-1553
3009,DE LA ARAUCANIA,2693,VILCUN,10724,1444,4473,100,1301,548,1208,1605,APRUEBO,5971,9119,5971,,.38034278,1605
3007,DEL MAULE,2640,VILLA ALEGRE,5971,964,2056,42,636,396,845,937,APRUEBO,3774,5435,3774,,.40202826,536
3005,DE VALPARAISO,2578,VILLA ALEMANA,51659,14351,15343,852,6545,3941,5754,4365,APRUEBO,41109,53381,41109,,.54878426,-1722
3009,DE LA ARAUCANIA,2694,VILLARRICA,25135,5166,9997,288,2727,1185,2858,2567,APRUEBO,15087,21750,15087,,.40446886,3385
3013,METROPOLITANA DE SANTIAGO,2789,VITACURA,61513,4483,31318,110,255,450,20971,3612,APRUEBO,19746,60325,19746,,.67758656,1188
3005,DE VALPARAISO,2547,VIÑA DEL MAR,150401,41768,47235,2319,13865,9966,20935,13568,APRUEBO,116886,160831,116886,,.53295738,-10430
3007,DEL MAULE,2641,YERBAS BUENAS,6443,934,2247,68,742,485,726,1070,APRUEBO,3881,5606,3881,,.38514954,837
3008,DEL BIOBIO,2673,YUMBEL,8776,1381,3275,86,1361,472,794,1242,APRUEBO,5246,7476,5246,,.35917833,1300
3016,DE ÑUBLE,2834,YUNGAY,6864,1181,1930,70,1351,388,681,1148,APRUEBO,5262,6891,5262,,.42617679,-27
3005,DE VALPARAISO,2557,ZAPALLAR,5467,1069,1831,38,430,269,1311,467,APRUEBO,3250,4909,3250,,.61727619,558
3016,DE ÑUBLE,2844,ÑIQUEN,4731,531,2000,35,518,301,610,632,APRUEBO,2003,3259,2003,,.31324604,1472
3013,METROPOLITANA DE SANTIAGO,2777,ÑUÑOA,122139,48166,29425,1822,2753,4561,23081,12316,APRUEBO,95362,125508,95362,,.6399374,-3369
